flow_rate,p1,p2,delta_p,label
85,120,95,25,normal
90,118,96,22,normal
82,122,94,28,normal
88,119,97,22,normal
92,117,98,19,normal
78,125,90,35,early_blockage
75,128,88,40,early_blockage
72,130,85,45,early_blockage
80,124,91,33,early_blockage
70,132,82,50,early_blockage
86,121,95,26,normal
91,118,97,21,normal
76,127,89,38,early_blockage
84,120,94,26,normal
74,129,86,43,early_blockage
89,119,96,23,normal
93,116,99,17,normal
77,126,90,36,early_blockage
83,121,93,28,normal
71,131,83,48,early_blockage
87,120,95,25,normal
79,125,91,34,early_blockage
94,115,100,15,normal
73,130,84,46,early_blockage
81,123,92,31,early_blockage
88,119,96,23,normal
69,133,80,53,early_blockage
90,118,97,21,normal
75,128,88,40,early_blockage
86,120,94,26,normal
